symbol,company
300059,东方财富
600030,中信证券
600837,海通证券
601688,华泰证券
601211,国泰君安
000776,广发证券
600999,招商证券
600958,东方证券
000166,申万宏源
601377,兴业证券
601066,中信建投
601555,东吴证券
002736,国信证券
601901,方正证券
000783,长江证券
601788,光大证券
601108,财通证券
600918,中泰证券
600109,国金证券
002797,第一创业
000728,国元证券
601099,太平洋
601990,南京证券
002673,西部证券
600061,国投资本
601878,浙商证券
601198,东兴证券
601696,中银证券
600369,西南证券
601162,天风证券
601995,中金公司
000750,国海证券
002926,华西证券
600909,华安证券
601881,中国银河
002500,山西证券
000686,东北证券
600155,华创阳安
002939,长城证券
601375,中原证券
601236,红塔证券
002670,国盛金控
601456,国联证券
600906,财达证券
600621,华鑫股份
000712,锦龙股份
600864,哈投股份
600095,湘财股份
002945,华林证券
